distinguished	all	score	auc_pr	auc_roc
5	3934	0.12602861459101822	0.5283483947985727	0.5377424117150058
