name	tn	fp	fn	tp	acc	fpr	tpr	auc_roc	auc_pr	errors
eval_results/eval_data/dbaasp/activity/moi/species/staphylococcusaureus_	9	1066	3	2273	0.6809907490301402	0.9916279069767442	0.9986818980667839	0.5621849838558058	0.7051818368704155	0
eval_results/eval_data/dbaasp/activity/moi/strain/escherichiacoliatcc25922_	3	467	0	1612	0.7756964457252642	0.9936170212765958	1.0	0.5181359220738082	0.7796481998988671	0
eval_results/eval_data/dbaasp/activity/moi/species/escherichiacoli_	11	944	5	2700	0.7407103825136612	0.9884816753926702	0.9981515711645101	0.5457262583348657	0.759759389195406	0
eval_results/eval_data/dbaasp/activity/	11	781	10	3924	0.832628015234871	0.9861111111111112	0.9974580579562786	0.5453986997581304	0.8493690706252255	0
eval_results/eval_data/dbaasp/activity/moi/strain/staphylococcusaureusatcc25923_	3	393	0	988	0.7160404624277457	0.9924242424242424	1.0	0.5882854353249091	0.7499258816422596	0
